<?xml version="1.0" encoding="UTF-8" standalone="yes"?>
<addon id="script.hello.world" name="[COLOR yellow]Wave Version Check[/COLOR]" version="1.0.1" provider-name="The Wave Team">
	<requires>
	</requires>
	<extension point="xbmc.python.script" library="addon.py">
		<provides>executable</provides>
	</extension>
	<extension point="xbmc.addon.metadata">
		<platform>all</platform>
		<summary lang="en">Popup Hello World</summary>
		<description lang="en">Example Script to show Hello World</description>
		<license>GNU General Public License, v2</license>
		<language></language>
		<forum></forum>
		<source>https://github.com/gigarepo/script.hello.world</source>
		<website>kodibeginner.com</website>
		<email></email>
		<assets>
			<icon>icon.png</icon>
			<fanart>fanart.jpg</fanart>
			<screenshot>resources/screenshot-01.jpg</screenshot>
			<screenshot>resources/screenshot-02.jpg</screenshot>
			<screenshot>resources/screenshot-03.jpg</screenshot>
		</assets>
		<news>Updated the addon to use new addon.xml metadata</news>
	</extension>
</addon>
