<?xml version="1.0" encoding="UTF-8" standalone="yes"?>
<addon id="plugin.video.dlv2" name="DaddyLive V2" version="1.0.9" provider-name="X">
  <requires>
    <import addon="xbmc.python" version="3.0.0" />
    <import addon="script.module.requests" />
    <import addon="script.module.beautifulsoup4" />
    <import addon="inputstream.ffmpegdirect" />
    <import addon="script.module.pytz" />
    <import addon="script.module.tzlocal" />
  </requires>
  <extension point="xbmc.python.pluginsource" library="default.py">
    <provides>video</provides>
  </extension>
  <extension point="xbmc.addon.metadata">
    <assets>
      <icon>icon.png</icon>
      <fanart>fanart.jpg</fanart>
      <screenshot>screen1.jpg</screenshot>
      <screenshot>screen2.jpg</screenshot>
      <screenshot>screen3.jpg</screenshot>
    </assets>
    <summary lang="en_GB">The X</summary>
	<description lang="en_GB">In memory of Cman 1972 - 2025. 1.0.9 - New domain and code cleanup. 1.0.7 - Prevent kickouts. 1.0.6 - Another resolver fix! 1.0.5 - Resolver fix. 1.0.4 - Workaround for channels.  Refresh Schedule if channels are empty. 1.0.3 - Removed refresh on Kodi startup. Added refresh every 8 hours on addon use. Use refresh option to check for new schedule if needed.  1.0.2 - Added some color theming.  1.0.1 - Added notifications window. Added option for 24-hour time format in settings. Brightened up the menus. Resolver fix.</description>
    <platform>all</platform>
    <language>en</language>
    <license>GPL-2.0-or-later</license>
  </extension>
</addon>
