<addon id="repository.elementum" name="Elementum Repository" version="0.1.91" provider-name="elgatito"><requires></requires><extension point="xbmc.addon.repository" name="Elementum Repository"><dir><info compressed="false">http://:65220/repository/elgatito/plugin.video.elementum/addons.xml</info><checksum>http://:65220/repository/elgatito/plugin.video.elementum/addons.xml.md5</checksum><datadir zip="true">http://:65220/repository/elgatito/</datadir></dir></extension><extension point="xbmc.addon.metadata"><platform>all</platform><summary lang="en">GitHub repository for Elementum updates</summary></extension></addon>