<?xml version="1.0" encoding="UTF-8" standalone="yes"?>
<addon id="repository.redwizard" name="[COLOR red]The Red Repo[/COLOR]" version="1.1.8" provider-name="[COLOR red]The Red Wizard[/COLOR]">
	<extension point="xbmc.addon.repository" name="The Red Repo">
		<dir><!--The Red Repo Main-->
			<info compressed="false">https://repo.redwizard.xyz/redwizardrepo/main/addons.xml</info>
			<checksum>https://repo.redwizard.xyz/redwizardrepo/main/addons.xml.md5</checksum>
			<datadir zip="true">https://repo.redwizard.xyz/redwizardrepo/main/</datadir>
		</dir>
		<dir minversion="19.9.0" maxversion="20.8.9"><!--The Red Repo Nexus-->
			<info compressed="false">https://repo.redwizard.xyz/redwizardrepo/20nexus/addons.xml</info>
			<checksum>https://repo.redwizard.xyz/redwizardrepo/20nexus/addons.xml.md5</checksum>
			<datadir zip="true">https://repo.redwizard.xyz/redwizardrepo/20nexus/</datadir>
		</dir>
		<dir minversion="20.9.0" maxversion="21.8.9"><!--The Red Repo Omega-->
			<info compressed="false">https://repo.redwizard.xyz/redwizardrepo/21omega/addons.xml</info>
			<checksum>https://repo.redwizard.xyz/redwizardrepo/21omega/addons.xml.md5</checksum>
			<datadir zip="true">https://repo.redwizard.xyz/redwizardrepo/21omega/</datadir>
		</dir>
		<dir minversion="21.9.0" maxversion="22.8.9"><!--The Red Repo Piers-->
			<info compressed="false">https://repo.redwizard.xyz/redwizardrepo/22piers/addons.xml</info>
			<checksum>https://repo.redwizard.xyz/redwizardrepo/22piers/addons.xml.md5</checksum>
			<datadir zip="true">https://repo.redwizard.xyz/redwizardrepo/22piers/</datadir>
		</dir>
		<dir minversion="19.0"><!--Coco Joe-->
            <info compressed="false">https://raw.githubusercontent.com/not-coco-joe/repository.cocoscrapers/master/zips/addons.xml</info>
            <checksum>https://raw.githubusercontent.com/not-coco-joe/repository.cocoscrapers/master/zips/addons.xml.md5</checksum>
            <datadir zip="true">https://raw.githubusercontent.com/not-coco-joe/repository.cocoscrapers/master/zips/</datadir>
        </dir>
		<dir><!--Resolve URL-->
			<info compressed="false">https://raw.githubusercontent.com/Gujal00/smrzips/master/addons.xml</info>
			<checksum>https://raw.githubusercontent.com/Gujal00/smrzips/master/addons.xml.md5</checksum>
			<datadir zip="true">https://raw.githubusercontent.com/Gujal00/smrzips/master/zips/</datadir>
		</dir>
	</extension>
	<extension point="xbmc.addon.metadata">
		<summary lang="en_GB">[COLOR red]The Red Wizard Builds and Add-ons[/COLOR]</summary>
		<description lang="en_GB">[COLOR red]The Red Wizard repo for The Red Wizard builds and add-ons[/COLOR]</description>
		<disclaimer lang="en_GB">[COLOR red]The author of this add-on does not host any content and has no affiliation with the content providers[/COLOR]</disclaimer>
		<news>[COLOR red]2025-07-12
- Descriptions added to addon.xml
- Forum address updated
- Repositories for Kodi 22 Piers, Kodi 21 Omega and Kodi 20 Nexus
- The Red Wizard has a new home! Go to https://redwizard.xyz[/COLOR]</news>
		<platform>all</platform>
		<language>en</language>
		<license>GNU GENERAL PUBLIC LICENSE Version 3</license>
		<email>info@redwizard.xyz</email>
		<website>https://www.redwizard.xyz/</website>
		<forum>https://t.me/+XiuBf9KvPfw2MzVk</forum>
		<assets>
			<icon>icon.png</icon>
			<fanart>fanart.jpg</fanart>
		</assets>
	</extension>
</addon>
